Municipio,Codigo,Gentilico,Prefeito_2021,Area,Populacao,DensidadeDemografica,Escolarizacao,IDHM,MortalidadeInfantil,ReceitasRealizadas,DespesasEmpenhadas,PIBpercapita
Abreu e Lima,2600054,abreu-limense,FL&Aacute;VIO VIEIRA GADELHA DE ALBUQUERQUE,126.384,100698,748.29,97.2,0.679,6.66,154773.90211,150392.49413,17756.99
Afogados da Ingazeira,2600104,afogadense,ALESANDRO PALMEIRA DE VASCONCELOS LEITE,377.696,37546,92.90,97.3,0.657,8.53,84524.28825,84199.55326,12464.16
Afr&acirc;nio,2600203,afraniense,RAFAEL ANTONIO CAVALCANTI,1490.594,19981,11.80,98.7,0.588,35.43,48071.21326,46130.64133,8663.84
Agrestina,2600302,agrestinense,JOSU&Eacute; MENDES DA SILVA,200.369,25240,112.58,96.4,0.592,18.46,61063.16654,60315.06588,11341.74
&Aacute;gua Preta,2600401,&aacute;gua-pretense,NOELINO MAGALHAES OLIVEIRA LYRA,533.332,37386,62.05,94,0.553,9.41,71553.7248,66100.20886,6974.69
&Aacute;guas Belas,2600500,&aacute;guas-belense,LUIZ AROLDO REZENDE DE LIMA,885.988,43923,45.41,96.1,0.526,15.63,84026.49512,81990.36581,8337.93
Alagoinha,2600609,alagoinhense,UILAS LEAL DA SILVA,216.452,14798,63.16,96.3,0.599,26.32,37869.57675,34348.50055,9579.05
Alian&ccedil;a,2600708,aliancense,XISTO LOUREN&Ccedil;O DE FREITAS NETO,272.773,38408,137.16,97,0.604,13.46,74882.94228,78786.39428,8626.09
Altinho,2600807,altinense,ORLANDO JOS&Eacute; DA SILVA,450.178,22996,49.18,96.9,0.598,8.1,41122.6787,43489.6886,7690.34
Amaraji,2600906,amarajinense,ALINE DE ANDRADE GOUVEIA,234.956,22910,93.37,96.6,0.580,7.66,49759.73815,49201.102,9839.23
Angelim,2601003,angelinense,MARCIO DOUGLAS CAVALCANTI DUARTE,118.037,11301,86.43,96.4,0.572,13.99,31575.19313,28332.47878,12367.69
Ara&ccedil;oiaba,2601052,ara&ccedil;oiabense,CARLOS JOGLI ALBUQUERQUE TAVARES UCH&Ocirc;A,96.360,20936,188.38,97,0.592,22.01,42647.83708,39742.10425,7289.28
Araripina,2601102,araripinense,JOS&Eacute; RAIMUNDO PIMENTEL DO ESP&Iacute;RITO SANTO,2037.394,85301,40.84,95.2,0.602,15.32,161988.93465,154891.63784,12416.62
Arcoverde,2601201,arcoverdense,MARIA MADALENA SANTOS DE BRITTO,323.369,75295,196.05,97.3,0.667,10.2,147298.35801,140070.54537,14727.75
Barra de Guabiraba,2601300,guabirabense,DIOGO CARLOS DE LIMA SILVA,120.583,14632,111.43,93.7,0.577,20.2,34559.27834,33809.47144,9413.02
Barreiros,2601409,barreirense,CARLOS ARTUR SOARES DE AVELLAR JUNIOR,233.433,42866,174.54,94.6,0.586,15.13,88084.64946,98862.16936,10393.73
Bel&eacute;m de Maria,2601508,belenense,ROLPH EBER CASALE JUNIOR,75.142,12169,153.96,98.5,0.578,6.62,29443.89599,27685.46938,7036.41
Bel&eacute;m do S&atilde;o Francisco,2601607,belenense,GUSTAVO HENRIQUE GRANJA CARIB&Eacute;,1830.797,20730,11.06,97.3,0.642,9.87,51511.47673,53037.46969,13932.20
Belo Jardim,2601706,belo-jardinense,GILVANDRO ESTRELA DE OLIVEIRA,647.696,76930,111.83,97.1,0.629,9.76,178709.72434,157963.60349,25345.75
Bet&acirc;nia,2601805,betaniense,MARIO GOMES FLOR FILHO,1244.074,12811,9.65,93.8,0.559,19.74,33228.17382,30390.38364,7165.16
Bezerros,2601904,bezerrense,MARIA LUCIELLE SILVA LAURENTINO,492.632,60960,119.53,95.9,0.606,7.78,111289.24211,124512.98396,12522.08
Bodoc&oacute;,2602001,bodocense,OTAVIO AUGUSTO TAVARES PEDROSA CAVALCANTE,1621.786,38605,21.75,95.7,0.565,19.23,77842.57636,74404.09274,7587.92
Bom Conselho,2602100,conselhense,JOAO LUCAS DA SILVA CAVALCANTE,792.185,48975,57.44,96.2,0.563,14.56,97387.10765,105775.569,11448.94
Bom Jardim,2602209,bom-jardinense,JO&Atilde;O FRANCISCO DA SILVA NETO,224.120,40038,169.49,97,0.602,13.19,72928.45038,75331.6516,8597.38
Bonito,2602308,bonitense,GUSTAVO ADOLFO NEVES DE ALBUQUERQUE C&Eacute;SAR,390.107,38101,94.96,96.7,0.561,6.72,80127.0062,83316.49115,11990.22
Brej&atilde;o,2602407,brejonense,ELISABETH BARROS DE SANTANA,159.786,8981,55.35,96.3,0.547,11.7,28469.45368,28431.68478,19502.16
Brejinho,2602506,brejinhense,GILSOMAR BENTO DA COSTA,106.275,7489,68.75,98.2,0.574,8.93,25360.88977,21767.43753,8275.55
Brejo da Madre de Deus,2602605,brejense,ROBERTO ABRAHAM ABRAHAMIAN ASFORA,762.346,51696,59.26,95.6,0.562,14.57,93034.245,99285.92713,7950.44
Buenos Aires,2602704,buenairense,JOSE FABIO DE OLIVEIRA,93.187,13224,134.54,97.4,0.593,5.35,31630.67014,28339.49462,8499.32
Bu&iacute;que,2602803,buiquense,ARQUIMEDES GUEDES VALEN&Ccedil;A,1320.871,59448,39.18,94.7,0.527,12.94,104123.27125,100810.38233,7560.24
Cabo de Santo Agostinho,2602902,cabense,CLAYTON DA SILVA MARQUES,445.343,210796,412.33,96.5,0.686,7.11,824731.45857,597762.02822,47924.83
Cabrob&oacute;,2603009,cabroboense,ELIOENAI DIAS SANTOS FILHO,1658.616,34778,18.62,97.6,0.623,3.93,74974.98517,75912.01263,12063.70
Cachoeirinha,2603108,cachoeirinhense,IVALDO DE ALMEIDA,179.262,20618,104.98,95.3,0.579,9.62,45026.0073,37627.88473,10989.94
Caet&eacute;s,2603207,caeteense,NIVALDO DA SILVA MARTINS,294.946,29065,80.66,92.6,0.522,6.86,60636.9934,57617.63269,11162.38
Cal&ccedil;ado,2603306,cal&ccedil;adense,FRANCISCO EXPEDITO DA PAZ NOGUEIRA,121.945,10983,91.23,97.1,0.566,-,29908.52446,30462.51097,9268.09
Calumbi,2603405,calumbiense,ERIVALDO JOSE DA SILVA,179.314,5744,31.50,95.3,0.571,-,21225.39354,20122.05327,8935.14
Camaragibe,2603454,camaragibense,NADEGI ALVES DE QUEIROZ,51.321,159945,2818.46,97.4,0.692,14.91,281348.77533,230504.36035,13514.39
Camocim de S&atilde;o F&eacute;lix,2603504,camociense ou camocinense,GIORGE DO CARMO BEZERRA,71.985,19032,235.99,97,0.588,4.03,39319.76709,36025.38254,8824.38
Camutanga,2603603,camutanguense,TALITA CARDOZO FONSECA,39.116,8592,217.39,97.9,0.606,16.53,33111.61483,30565.25951,16810.97
Canhotinho,2603702,canhotinhense,SANDRA REJANE LOPES DE BARROS,423.168,24743,57.96,91.8,0.541,15.11,60821.06924,55903.84664,8493.61
Capoeiras,2603801,capoeirense,LUCINEIDE ALMEIDA REINO,336.329,20048,58.26,96.5,0.549,14.55,48393.02108,45999.66013,10429.92
Carna&iacute;ba,2603900,carnaibano,JOSE DE ANCHIETA GOMES PATRIOTA,427.802,19666,43.42,96.1,0.583,3.5,46405.34044,41106.30414,8061.33
Carnaubeira da Penha,2603926,carnaubeirense,ELIZIO SOARES FILHO,1004.667,13117,11.73,98.1,0.573,20.08,26786.40047,28037.73757,6308.28
Carpina,2604007,carpinense,MANUEL SEVERINO DA SILVA,147.017,85131,516.51,95.5,0.680,10.81,141304.60327,127645.62762,19025.60
Caruaru,2604106,caruaruense,RAQUEL TEIXEIRA LYRA LUCENA,923.150,369343,342.07,94.9,0.677,9.62,669460.37758,617694.32903,21075.72
Casinhas,2604155,casinhense,JULIANA BARBOSA DA SILVA AGUIAR,115.868,14395,118.81,97.5,0.567,11.3,38794.2892,35000.43381,6646.52
Catende,2604205,catendense,GRACINA MARIA RAMOS BRAZ DA SILVA,207.244,43778,182.49,95.2,0.609,10.82,83649.81248,78662.80028,6935.38
Cedro,2604304,cedrense,MARLY QUENTAL DA CRUZ,148.746,11972,72.45,95.5,0.615,30.3,32206.71799,31746.40266,8187.58
Ch&atilde; de Alegria,2604403,alegriense,TARCISIO MASSENA PEREIRA DA SILVA,48.993,13641,255.50,97.1,0.604,4.12,29831.12227,28530.09995,11924.53
Ch&atilde; Grande,2604502,ch&atilde;-grandense,DIOGO ALEXANDRE GOMES NETO,84.848,21929,237.33,96.7,0.599,19.54,52044.76996,52010.73032,10210.41
Condado,2604601,condadense,ANTONIO CASSIANO DA SILVA,89.645,26755,270.87,97.3,0.602,10.81,53884.35881,51552.309,8830.37
Correntes,2604700,correntense,HUGO CESAR GOMES GALVAO,317.793,18327,53.00,93.1,0.536,31.67,59372.24123,46522.9739,9568.70
Cort&ecirc;s,2604809,cortesense,MARIA DE FATIMA CYSNEIROS SAMPAIO BORBA,101.316,12543,122.90,97.2,0.568,12.5,45571.82893,44186.08868,9156.45
Cumaru,2604908,cumaruense,MARIANA MENDES DE MEDEIROS,292.231,9494,58.80,98.5,0.572,16.39,33411.61215,32657.95005,8819.24
Cupira,2605004,cupirense,JOS&Eacute; MARIA LEITE DE MACEDO,95.155,24237,221.58,97.3,0.592,25,49756.97653,45975.09282,11464.19
Cust&oacute;dia,2605103,custodiense,EMMANUEL FERNANDES DE FREITAS GOIS,1404.126,37633,24.11,97.1,0.594,10.85,75387.12176,77919.88426,13526.98
Dormentes,2605152,dormentense,JOSIMARA CAVALCANTI RODRIGUES YOTSUYA,1539.052,19246,11.00,97,0.589,12,48921.93775,46111.32514,11668.70
Escada,2605202,escadense,MARIA JOSE FIDELIS MOURA GOUVEIA,342.201,69701,183.07,94.1,0.632,11.49,127669.02451,130317.73074,15417.92
Exu,2605301,exuense,RAIMUNDO PINTO SARAIVA SOBRINHO,1336.786,31709,23.65,95.2,0.576,17.61,69255.83573,66749.3125,9084.32
Feira Nova,2605400,feira-novense,DANILSON CANDIDO GONZAGA,107.726,22360,190.96,97.6,0.600,22.15,46767.08375,47305.73399,9161.80
Fernando de Noronha,2605459,noronhense,GUILHERME CAVALCANTI DA ROCHA LEIT&Atilde;O,18.609,3140,154.55,100,0.788,31.25,N&atilde;o informado,N&atilde;o informado,63035.23
Ferreiros,2605509,ferreirense,JOSE ROBERTO DE OLIVEIRA,92.516,12216,127.93,97.9,0.622,20.13,29913.7085,31175.27631,9193.16
Flores,2605608,florense,MARCONI MARTINS SANTANA,995.558,22612,22.27,96.4,0.556,11.15,48602.10997,44775.61414,7932.30
Floresta,2605707,florestano,ROSANGELA DE MOURA MANI&Ccedil;OBA NOVAES FERRAZ,3644.169,33488,8.04,95.6,0.626,8.25,81562.82575,77441.77491,13144.80
Frei Miguelinho,2605806,frei-miguelinhense,ADRIANA ALVES ASSUN&Ccedil;&Atilde;O BARBOSA,212.707,15633,67.20,95.4,0.576,12.74,31288.02448,29635.70546,8207.62
Gameleira,2605905,gameleirense,LEANDRO RIBEIRO GOMES DE LIMA,255.961,31578,109.05,97,0.602,18.73,46989.96352,43882.53358,7630.72
Garanhuns,2606002,garanhuense,SIVALDO RODRIGUES ALBINO,458.552,141347,282.21,96.8,0.664,16.75,277111.47317,275853.25084,18622.87
Gl&oacute;ria do Goit&aacute;,2606101,gloriense,ADRIANA DORNELAS CAMARA PAES,234.214,30847,125.17,98.3,0.604,19.23,58878.48083,54012.45529,13573.27
Goiana,2606200,goianense,EDUARDO HON&Oacute;RIO CARNEIRO,445.405,80345,150.72,96.7,0.651,11.34,216636.09379,165127.99205,128206.09
Granito,2606309,granitense,JOAO BOSCO LACERDA DE ALENCAR,521.690,7586,13.13,98.5,0.595,-,24891.97608,21617.26655,9303.49
Gravat&aacute;,2606408,gravataense,JOSELITO GOMES DA SILVA,503.946,85309,150.87,97.2,0.634,10.55,153864.61675,143833.27864,14665.18
Iati,2606507,iatiense,ANTONIO JOS&Eacute; DE SOUZA,635.137,19284,28.91,90.5,0.528,14.81,53244.78215,47887.36045,9129.71
Ibimirim,2606606,ibimiriense,JOSE WELLITON DE MELO SIQUEIRA,1906.437,29585,14.14,93.7,0.552,18.14,58332.51098,53998.58448,9825.90
Ibirajuba,2606705,ibirajubense,MARIA IZALTA SILVA LOPES GAMA,189.596,7773,39.74,96.7,0.580,-,24177.85009,23561.0659,8260.46
Igarassu,2606804,igarassuano,ELCIONE DA SILVA RAMOS PEDROZA BARBOSA,306.879,119690,333.88,97.9,0.665,5.74,243685.05216,211799.59461,22720.23
Iguaracy,2606903,iguaraciense,JOSE TORRES LOPES FILHO,838.132,12265,14.05,98.7,0.598,15.5,31622.61285,28675.70674,7966.45
Inaj&aacute;,2607000,inajaense,MARCELO MACHADO FREIRE,1168.158,24034,16.14,84.2,0.523,30.3,41707.25865,42189.47856,7549.11
Ingazeira,2607109,ingazeirense,LUCIANO TORRES MARTINS,243.586,4537,18.45,98.2,0.608,-,21596.41902,20309.4412,8326.69
Ipojuca,2607208,ipojuquense ou ipojucanos,CELIA AGOSTINHO LINS DE SALES,521.801,99101,152.98,97.3,0.619,6.93,737218.28417,678598.01813,132206.17
Ipubi,2607307,ipubiense,FRANCISCO RUBENS MARIO CHAVES SIQUEIRA,693.914,31515,32.64,95.1,0.550,20.3,67417.40343,62450.21587,10381.45
Itacuruba,2607406,itacurubense,BERNARDO DE MOURA FERRAZ,430.038,5013,10.16,97.5,0.595,-,30151.53931,23072.58623,12604.57
Ita&iacute;ba,2607505,itaibense,MARIA REGINA DA CUNHA,1061.694,26268,24.20,93.3,0.510,13.93,60220.16821,61302.74911,9057.06
Ilha de Itamarac&aacute;,2607604,itamaracaense,MOSAR DE MELO BARBOSA FILHO,66.146,27076,328.17,97.6,0.653,3.02,64403.2288,60174.32625,9679.82
Itamb&eacute;,2607653,itambeense,MARIA DAS GRA&Ccedil;AS GALLINDO CARRAZZONNI,304.006,36495,116.13,94.6,0.575,13.23,70291.93714,66888.41956,12641.41
Itapetim,2607703,itapetinense,ADELMO ALVES DE MOURA,404.850,13492,34.29,97.5,0.592,28.25,39433.05553,36008.45413,8349.62
Itapissuma,2607752,itapissumense,JOS&Eacute; BEZERRA TEN&Oacute;RIO FILHO,73.968,27144,320.19,97.6,0.633,-,101908.23862,93302.77712,69380.68
Itaquitinga,2607802,itaquitinguense,PABLO JOSE DE OLIVEIRA MORAES,162.739,17056,151.72,97.3,0.586,21.65,36663.62523,37666.93663,8220.11
Jaboat&atilde;o dos Guararapes,2607901,jaboat&atilde;oense,ANDERSON FERREIRA RODRIGUES,258.724,711330,2491.82,96.8,0.717,11.59,1323478.88101,1100876.65428,19750.50
Jaqueira,2607950,jaqueirense,RIDETE CELLIBE PELLEGRINO DE MAC&Ecirc;DO OLIVEIRA,87.208,11632,131.88,95.4,0.575,18.63,35866.13472,35130.6287,8487.21
Jata&uacute;ba,2608008,jataubense,C&Aacute;TIA JUNSARA RODRIGUES AQUILINO,714.601,17305,23.53,97.6,0.530,12,41809.36644,38230.7731,7889.50
Jatob&aacute;,2608057,jatobaense,ROG&Eacute;RIO FERREIRA GOMES DA SILVA,277.862,14904,50.25,97.7,0.645,4.72,32461.79465,31402.67428,8857.69
Jo&atilde;o Alfredo,2608107,alfredense,JOS&Eacute; ANTONIO MARTINS DA SILVA,134.147,33570,227.52,97.1,0.576,15.58,66699.02515,63008.48986,9131.36
Joaquim Nabuco,2608206,nabuquense,ANTONIO RAIMUNDO BARRETO NETO,121.901,15999,129.39,95.5,0.554,4.95,43150.35159,36871.26036,8369.19
Jucati,2608255,jucatiense,JOS&Eacute; EDNALDO PEIXOTO DE LIMA,120.604,11545,87.92,98,0.550,10.05,33018.70428,31815.72823,10106.53
Jupi,2608305,jupiense,ANTONIO MARCOS PATRIOTA,104.994,15007,130.53,96.3,0.575,21.66,54385.17689,44696.94667,11465.75
Jurema,2608404,juremense,EDVALDO MARCOS RAMOS FERREIRA,148.254,15483,98.08,96,0.509,14.35,40801.90147,48971.7998,7133.94
Lagoa do Carro,2608453,lagoense do carro,JUDITE MARIA BOTAFOGO SANTANA DA SILVA,69.666,18429,229.77,97.8,0.609,12.93,40620.11942,44392.31249,15816.34
Lagoa de Itaenga,2608503,itaenguense,MARIA DAS GRA&Ccedil;AS DE ARRUDA SILVA,56.131,21490,360.65,98.9,0.602,16.23,45404.32059,48113.14103,15793.28
Lagoa do Ouro,2608602,lagoa-do-ourense,EDSON LOPES CAVALCANTE,198.762,13300,61.04,96.5,0.525,11.63,39831.3521,37977.19886,9179.48
Lagoa dos Gatos,2608701,lagoense,ST&Ecirc;NIO FERNANDES DE ALBUQUERQUE,224.947,16345,70.06,96.5,0.551,20,33537.57979,31806.98877,6895.70
Lagoa Grande,2608750,lagoa-grandense,VILMAR CAPPELLARO,1850.070,26090,12.31,96.3,0.597,7.75,61703.61177,52163.05827,15343.01
Lajedo,2608800,lajedense,ADELMO DUARTE RIBEIRO,189.096,40883,193.70,97.9,0.611,13.8,90652.74929,84314.95585,12133.49
Limoeiro,2608909,limoeirense,ORLANDO JORGE PEREIRA DE ANDRADE LIMA,273.733,56149,202.53,98,0.663,10.77,106698.53232,146092.39064,14315.95
Macaparana,2609006,macaparanense,PAULO BARBOSA DA SILVA,108.049,25565,221.43,97.9,0.609,16.67,53982.43522,55143.29435,11288.56
Machados,2609105,machadense,JUAREZ RODRIGUES FERNANDES,60.036,16549,226.46,82.9,0.578,9.76,35035.57593,33552.6974,11828.36
Manari,2609154,manariense,AUDALIO MARTINS DA SILVA JUNIOR,344.725,22110,47.56,93.4,0.487,14.81,47410.42905,46374.18875,6186.80
Maraial,2609204,maraialense,SERGIO DA SILVA,199.865,11098,61.19,94.1,0.534,8.97,39732.20988,31597.95177,7494.18
Mirandiba,2609303,mirandibense,ROSE CL&Eacute;A MAXIMO DE CARVALHO S&Aacute;,821.676,15548,17.41,95.8,0.591,7.69,36929.46986,35416.67758,10320.84
Moreno,2609402,morenense,EDMILSON CUPERTINO DE ALMEIDA,196.073,63792,289.16,95.8,0.652,15.71,107822.13706,97886.55647,11073.15
Nazar&eacute; da Mata,2609501,nazareno,INACIO MANOEL DO NASCIMENTO,130.572,32673,204.95,96.1,0.662,7.44,54902.21008,57721.77206,16867.83
Olinda,2609600,olindense,LUPERCIO CARLOS DO NASCIMENTO,41.300,393734,9063.58,96.9,0.735,10.46,627292.10974,564477.78381,14713.81
Orob&oacute;,2609709,orobense,SEVERINO LUIZ PEREIRA DE ABREU,138.662,23985,164.99,97.2,0.610,15.09,58679.56725,54181.76825,14820.60
Oroc&oacute;,2609808,orocoense,GEORGE GUEBER CAVALCANTE NERY,554.760,15309,23.76,98,0.610,17.36,41517.08637,37866.03175,12588.22
Ouricuri,2609907,ouricuriense,FRANCISCO RICARDO SOARES RAMOS,2381.570,70466,26.56,92.4,0.572,21.66,121124.38129,135072.44205,10223.61
Palmares,2610004,palmarense,JOS&Eacute; BARTOLOMEU DE ALMEIDA MELO JUNIOR,339.291,63745,175.44,96.3,0.622,8.38,129657.239,135059.73673,13471.21
Palmeirina,2610103,palmeirinense,MARCELO NEVES DE LIMA,168.796,7509,51.82,94,0.549,-,23736.61602,26810.3834,9446.60
Panelas,2610202,panelense,RUBEN DE LIMA BARBOSA,380.428,26438,69.14,98.6,0.569,18.52,82808.45869,71270.31865,7348.18
Paranatama,2610301,paranatamense,JOSE VALMIR PIMENTEL DE GOIS,185.371,11608,47.65,97.9,0.537,9.95,38048.98726,36511.75982,19050.00
Parnamirim,2610400,parnamirinense,FERDINANDO LIMA DE CARVALHO,2609.548,22198,7.79,97,0.599,6.58,49859.83068,46505.80731,8227.03
Passira,2610509,passirense,SEVERINO SILVESTRE DE ALBUQUERQUE,326.757,28856,87.61,95.9,0.592,10.64,60396.72672,63869.93836,7994.82
Paudalho,2610608,paudalhense,MARCELLO FUCHS CAMPOS GOUVEIA,269.651,57346,185.06,96.7,0.639,8.48,99429.96497,90579.71753,15434.67
Paulista,2610707,paulistano,YVES RIBEIRO DE ALBUQUERQUE,96.932,336919,3087.66,97.9,0.732,10.43,501021.00628,457524.10481,13681.83
Pedra,2610806,pedrense,GILBERTO J&Uacute;NIOR WANDERLEY VAZ,921.477,22716,26.08,92,0.567,9.12,48119.19458,48181.38936,11077.69
Pesqueira,2610905,pesqueirense,MARIA JOSE CASTRO TENORIO,980.876,68067,63.21,97.4,0.610,13.96,117501.81215,107174.11434,10804.68
Petrol&acirc;ndia,2611002,petrolandense,FABIANO JAQUES MARQUES,1056.592,37246,30.75,96,0.623,7.12,80548.29077,77134.21193,40379.67
Petrolina,2611101,petrolinense,MIGUEL DE SOUZA LE&Atilde;O COELHO,4561.870,359372,64.44,97,0.697,18.07,669779.17576,604499.95462,20811.26
Po&ccedil;&atilde;o,2611200,po&ccedil;&atilde;oense,EMERSON CORDEIRO VASCONCELOS,204.329,11308,45.56,97,0.528,43.17,29218.3409,26962.35066,7648.86
Pombos,2611309,pomboense,MANOEL MARCOS ALVES FERREIRA,239.876,27204,118.35,95,0.598,4.87,57179.34587,57045.16544,16151.93
Primavera,2611408,primaverense,DAYSE JULIANA DOS SANTOS,113.112,15231,121.97,96.7,0.580,-,32800.34927,31447.23829,11188.25
Quipap&aacute;,2611507,quipapaense,ALVARO PORTO DE BARROS FILHO,230.617,26309,104.88,97.2,0.552,17.86,58125.87157,58430.73616,7090.04
Quixaba,2611533,quixabense,JOS&Eacute; PEREIRA NUNES,210.705,6796,31.98,99.2,0.577,19.05,26460.00167,23119.64656,8277.42
Recife,2611606,recifense,JOAO HENRIQUE DE ANDRADE LIMA CAMPOS,218.843,1661017,7039.64,97.1,0.772,11.5,4863813.57332,4359406.34804,33232.26
Riacho das Almas,2611705,riachense,DIOCL&Eacute;CIO ROSENDO DE LIMA FILHO,314.003,20744,61.02,93.4,0.570,3.23,52372.07858,49074.57391,9394.09
Ribeir&atilde;o,2611804,ribeir&atilde;oense,MARCELLO CAVALCANTI DE PETRIBU DE ALBUQUERQUE MARANHAO,289.733,47813,154.35,92.9,0.602,16.88,82797.04627,78496.23751,9786.27
Rio Formoso,2611903,rio-formosense,ISABEL CRISTINA ARAUJO HACKER,227.458,23719,97.39,89.5,0.613,12.23,60428.06973,53244.00166,11492.00
Sair&eacute;,2612000,saireense,GILDO PONTES DE ARRUDA,190.455,9600,59.36,97.7,0.585,-,27782.41166,28166.09398,13749.38
Salgadinho,2612109,salgadinense,JOSE SOARES DA FONSECA,87.217,11214,106.77,87.6,0.534,14.93,25270.5575,23794.1108,6563.78
Salgueiro,2612208,salgueirense,MARCONES LIB&Oacute;RIO DE S&Aacute;,1678.564,61561,33.57,96.7,0.669,11.52,123973.69438,112548.31356,16052.17
Salo&aacute;,2612307,saloaense,RIVALDO ALVES DE SOUZA JUNIOR,251.549,15880,60.73,97.4,0.559,10.58,41419.13746,44581.87821,8277.69
Sanhar&oacute;,2612406,sanharoense,CESAR AUGUSTO DE FREITAS,268.686,27308,81.71,93.2,0.603,28.07,45919.49208,43659.19379,8014.90
Santa Cruz,2612455,santacruzense,ELIANE MARIA DA SILVA SOARES,1245.983,15713,10.82,97.5,0.549,20,38314.62005,34281.28358,7884.29
Santa Cruz da Baixa Verde,2612471,santacruzense,JOSE IRLANDO DE SOUZA LIMA,114.932,12708,102.39,97.8,0.612,14.71,33046.6343,31848.76407,7789.42
Santa Cruz do Capibaribe,2612505,santa-cruzense,F&Aacute;BIO QUEIROZ ARAG&Atilde;O,335.309,111812,261.20,95.7,0.648,6.64,171093.0329,157045.0838,14680.05
Santa Filomena,2612554,filomense,PEDRO GILDEVAN COELHO MELO,1005.341,14645,13.30,97,0.533,15.23,38229.65699,31283.89338,6988.20
Santa Maria da Boa Vista,2612604,Boavistano,GEORGE RODRIGUES DUARTE,3000.774,42266,13.14,97.4,0.590,15.49,111225.08365,87340.57363,15507.98
Santa Maria do Cambuc&aacute;,2612703,santa-mariense,NELSON SEBASTIAO DE LIMA,92.148,14308,141.31,96.4,0.548,13.95,30854.90134,30389.53873,7844.61
Santa Terezinha,2612802,santa-terezinhense,ADEILSON LUSTOSA DA SILVA,200.327,11914,56.20,97.8,0.593,14.29,29395.25562,29130.4728,7677.92
S&atilde;o Benedito do Sul,2612901,s&atilde;o-beneditense,CLAUDIO JOSE GOMES DE AMORIM JUNIOR,160.477,16239,86.87,83.7,0.530,6.94,32839.95674,28713.69656,6490.85
S&atilde;o Bento do Una,2613008,s&atilde;o-bentense,PEDRO ALEXANDRE MEDEIROS DE SOUZA,719.148,60567,74.03,93,0.593,22.79,117545.24283,93583.40378,21797.56
S&atilde;o Caitano,2613107,s&atilde;o-caitanense,JOSAFA ALMEIDA LIMA,382.483,37488,92.23,97.2,0.591,18.52,65800.72051,56621.96159,10128.36
S&atilde;o Jo&atilde;o,2613206,s&atilde;o-joanense,JOSE WILSON FERREIRA DE LIMA,258.334,23002,82.50,96.3,0.570,8.47,55297.47295,50985.04308,10476.30
S&atilde;o Joaquim do Monte,2613305,s&atilde;o-joaquinense,EDUARDO JOS&Eacute; DE OLIVEIRA LINS,232.070,21439,88.39,94.2,0.537,-,50888.58426,49066.54777,7899.93
S&atilde;o Jos&eacute; da Coroa Grande,2613404,s&atilde;o-jos&eacute;-coroa-grandense,JAZIEL GONSALVES LAGES,69.184,21868,262.19,95.8,0.608,3.31,50301.54464,47248.60275,11324.82
S&atilde;o Jos&eacute; do Belmonte,2613503,belmontense,FRANCISCO ROMONILSON MARIANO DE MOURA,1474.086,34082,22.13,96.2,0.610,25.34,64494.89618,62959.79589,8557.63
S&atilde;o Jos&eacute; do Egito,2613602,egipsiense,EVANDRO PERAZZO VALADARES,780.852,34210,39.84,98.9,0.635,4.81,73405.26229,72014.14856,12071.71
S&atilde;o Louren&ccedil;o da Mata,2613701,s&atilde;o-lourensense,VIN&Iacute;CIUS LABANCA,264.190,114910,392.57,97.1,0.653,9.55,163986.12606,135811.65749,11121.96
S&atilde;o Vicente F&eacute;rrer,2613800,s&atilde;o-vicentino,MARCONE VICENTE DOS SANTOS,113.985,18150,149.14,95.2,0.549,15.33,45895.15197,44805.03463,15171.75
Serra Talhada,2613909,serra-talhadense,M&Aacute;RCIA CONRADO DE LORENA E S&Aacute;,2980.007,87467,26.59,96.7,0.661,13.11,193463.69766,185581.59534,17848.20
Serrita,2614006,serritense,SEBASTIAO BENEDITO DOS SANTOS,1535.190,19226,11.92,98.1,0.595,-,49139.0361,48298.98624,7220.70
Sert&acirc;nia,2614105,sertaniense,&Acirc;NGELO RAFAEL FERREIRA DOS SANTOS,2421.527,36189,13.95,94.6,0.613,18.96,76416.70195,67487.93013,15339.13
Sirinha&eacute;m,2614204,sirinhaense ou sirinhadoara,CAMILA MACHADO LEOCADIO LINS DOS SANTOS,374.321,46845,107.57,94.1,0.597,13.91,93842.43833,84293.05007,11367.75
Moreil&acirc;ndia,2614303,moreirense,VICENTE TEIXEIRA SAMPAIO NETO,404.287,11269,27.52,96.8,0.600,31.45,32639.96161,33534.79318,7504.18
Solid&atilde;o,2614402,solidanense,DJALMA ALVES DE SOUZA,138.398,6034,41.50,96.9,0.585,24.39,22765.32282,19023.23919,7655.82
Surubim,2614501,surubinense,ANA C&Eacute;LIA CABRAL DE FARIAS,252.896,66192,231.42,97.8,0.635,12.51,110620.90318,108333.5446,12455.57
Tabira,2614600,tabirense,MARIA CLAUDENICE PEREIRA DE MELO CRISTOVAO,390.434,28860,68.11,97.2,0.605,10.78,54035.70347,53162.95659,9818.65
Tacaimb&oacute;,2614709,tacaimboense,ALVARO ALCANTARA MARQUES DA SILVA,227.601,12843,55.91,94.4,0.554,17.05,28542.71907,25822.94591,15517.90
Tacaratu,2614808,tacaratuense,WASHINGTON ANGELO DE ARAUJO,1264.532,26439,17.45,96.3,0.573,18.93,51205.88989,55955.89521,7067.31
Tamandar&eacute;,2614857,tamandareense,ISAIAS HONORATO DA SILVA MARQUES,213.750,23852,96.66,95.5,0.593,11.74,65049.79581,62477.66377,13636.78
Taquaritinga do Norte,2615003,taquaritinguense,IVANILDO MESTRE BEZERRA,475.184,29472,52.41,96.2,0.641,13.89,50818.96774,49121.45215,10372.42
Terezinha,2615102,terezinhense,MATHEUS EMIDIO DE BARROS CALADO,151.450,7227,44.48,95.7,0.545,37.31,21604.02366,19867.65921,9190.63
Terra Nova,2615201,terra-novense,ALINE CLEANNE FILGUEIRA FREIRE DE CARVALHO,318.709,10314,28.95,98.2,0.599,-,27518.08336,23823.40346,6990.07
Timba&uacute;ba,2615300,timbaubense,MARINALDO ROSENDO DE ALBUQUERQUE,287.683,52587,184.63,97.7,0.618,7.46,112343.98832,105483.28235,12722.07
Toritama,2615409,toritamense,EDILSON TAVARES DE LIMA,25.704,47088,1383.21,91.5,0.618,7.1,83083.63642,76623.86499,15681.21
Tracunha&eacute;m,2615508,tracunhaense,ALUIZIO XAVIER DA SILVA,137.321,13856,110.27,97,0.605,10.7,30182.22942,27117.60582,9336.03
Trindade,2615607,trindadense,HELBE DA SILVA RODRIGUES NASCIMENTO,295.765,31103,113.77,97.9,0.595,21.05,70901.81336,71749.18902,10581.10
Triunfo,2615706,triunfense,LUCIANO FERNANDO DE SOUSA,191.518,15232,78.35,98.4,0.670,5.24,40748.33901,42441.73743,9721.31
Tupanatinga,2615805,tupanatinguense,SEVERINO SOARES DOS SANTOS,950.474,27793,25.70,96,0.519,25.94,58318.85729,54689.03625,7084.04
Tuparetama,2615904,tuparetamense,DOMINGOS S&Aacute;VIO DA COSTA TORRES,189.509,8266,44.38,98.6,0.634,32.52,24446.26538,23864.86133,10076.69
Venturosa,2616001,venturosense,EUDES TENORIO CAVALCANTI,335.482,18835,50.05,97.5,0.592,3.5,44512.02903,40869.5109,11366.79
Verdejante,2616100,verdejantense,HAROLDO SILVA TAVARES,476.039,9572,19.20,95,0.605,14.71,26578.73918,31719.74387,7927.33
Vertente do L&eacute;rio,2616183,vertentense do l&eacute;rio,RENATO LIMA DE SALES,73.631,7526,106.93,96.7,0.563,-,24038.25447,22271.32297,8851.57
Vertentes,2616209,vertentense,ROMERO LEAL FERREIRA,196.325,21172,92.82,94.1,0.582,13.79,51439.44604,38326.18208,8276.80
Vic&ecirc;ncia,2616308,vicenciense,GUILHERME DE ALBUQUERQUE MELO NUNES,228.017,32897,134.78,95.6,0.605,12.92,80651.40542,67622.02953,14579.38
Vit&oacute;ria de Santo Ant&atilde;o,2616407,vitoriense,PAULO ROBERTO LEITE DE ARRUDA,335.942,140389,348.80,96.9,0.640,12.1,299853.94132,243670.30247,30154.30
Xex&eacute;u,2616506,xexeuense,THIAGO GON&Ccedil;ALVES DE LIMA,110.815,14789,127.18,95,0.552,-,40117.31428,38369.64097,8628.60